score,proximity_score,mean_member_km,nearest_home_m,housing_status,site_code,site_name,council,address,size_ha,site_type,development_potential,previous_use,lat,lon,km_from_glasgow_centre,km_from_glasgow_airport,km_from_cumbernauld_airport,in_airport_frz,map_url
13,2,16.0,11.4,violation,8445387,FORMER BLAES PITCH,South Lanarkshire,WESTBURN ROAD CAMBUSLANG,1.25,Vacant Land,Developable - Undetermined,Recreation & Leisure,55.820998,-4.151503,7.7,18.4,17.7,False,"https://www.google.com/maps/search/?api=1&query=55.820998,-4.151503"
13,2,18.8,47.2,violation,2829,,Glasgow City,EAST OF LOCHGOIN AVENUE.,1.07,Vacant Land,Developable - Undetermined,Passive Open Space,55.917933,-4.372224,9.9,7.0,24.6,False,"https://www.google.com/maps/search/?api=1&query=55.917933,-4.372224"
13,2,20.2,7.9,violation,NL008491903,FORMER RECREATION GROUND (NLMK1265),North Lanarkshire,MACARTHUR AVENUE GLENMAVIS,1.63,Vacant Land,Developable - Undetermined,Recreation & Leisure,55.883586,-4.002923,16.1,27.0,7.3,False,"https://www.google.com/maps/search/?api=1&query=55.883586,-4.002923"
13,2,21.8,1.3,violation,NL008491906,WHEATHOLME PARK NORTH (FORMER HOUSING SITE NLMK122,North Lanarkshire,WHEATHOLM STREET RAWYARDS AIRDRIE,0.73,Vacant Land,Developable - Undetermined,Recreation & Leisure,55.874173,-3.970852,17.9,29.0,8.3,False,"https://www.google.com/maps/search/?api=1&query=55.874173,-3.970852"
12,3,13.1,37.7,violation,2331,,Glasgow City,SOUTH OF 195 FIRPARK STREET.,1.16,Vacant Land,Developable - Undetermined,Residential - Housing,55.863056,-4.228413,1.8,12.9,18.1,False,"https://www.google.com/maps/search/?api=1&query=55.863056,-4.228413"
12,3,13.3,,ok,502,,Glasgow City,WELLFIELD STREET CROFTBANK STREET EDGEFAULD RD.,0.95,Vacant Land,Developable - Undetermined,Residential - Housing,55.882764,-4.223003,3.5,13.3,16.7,False,"https://www.google.com/maps/search/?api=1&query=55.882764,-4.223003"
12,3,13.3,,ok,2948,,Glasgow City,CRAIGENDMUIR STREET,0.87,Vacant Land,Developable - Undetermined,Residential - Housing,55.87394,-4.197368,4.1,14.8,15.8,False,"https://www.google.com/maps/search/?api=1&query=55.873940,-4.197368"
12,3,13.5,167.3,ok,2744,,Glasgow City,WEST OF 1159 ROYSTON ROAD/ EAST OF M.80,1.39,Vacant Land,Developable - Undetermined,Residential - Housing,55.87915,-4.196016,4.4,15.0,15.4,False,"https://www.google.com/maps/search/?api=1&query=55.879150,-4.196016"
12,3,13.8,33.1,violation,3185,,Glasgow City,LIDDLESDALE ROAD SCALPAY STREET/ LIDDLESDALE P,2.0,Vacant Land,Developable - Undetermined,Residential - Housing,55.896559,-4.24876,4.4,12.1,17.6,False,"https://www.google.com/maps/search/?api=1&query=55.896559,-4.248760"
12,3,13.9,0.7,violation,3977,ST AMBROSE'S P.S,Glasgow City,MINGULAY STREET MINGULAY PLACE,1.56,Vacant Land,Developable - Undetermined,Education,55.899079,-4.239213,4.7,12.7,17.0,False,"https://www.google.com/maps/search/?api=1&query=55.899079,-4.239213"
12,3,14.1,,ok,3910,RUGBY PITCH,Glasgow City,REAR 1545-1557 CUMBERNAULD ROAD,1.38,Vacant Land,Developable - Medium Term,Recreation & Leisure,55.883656,-4.172062,6.0,16.5,13.9,False,"https://www.google.com/maps/search/?api=1&query=55.883656,-4.172062"
12,2,15.2,0.1,violation,1560,,Glasgow City,REAR OF 42-78 GARDENSIDE CRESCENT.,0.78,Vacant Land,Developable - Undetermined,Agriculture,55.827945,-4.161786,6.7,17.5,17.5,False,"https://www.google.com/maps/search/?api=1&query=55.827945,-4.161786"
11,3,13.2,17.9,violation,2545,,Glasgow City,SPRINGBURN ROAD/ PETERSHILL ROAD.,0.86,Vacant Land,Developable - Undetermined,Unknown,55.87652,-4.231343,2.6,12.7,17.5,False,"https://www.google.com/maps/search/?api=1&query=55.876520,-4.231343"
11,3,13.4,,ok,2883,,Glasgow City,4-10 STONYHURST STREET.,1.4,Vacant Land,Unknown (uncertain/insufficient information),Residential - Housing,55.881818,-4.245877,2.8,11.9,18.1,False,"https://www.google.com/maps/search/?api=1&query=55.881818,-4.245877"
11,3,13.1,105.2,ok,3363,GLENCONNER PARK,Glasgow City,CHARLES STREET/ CHRISTOPHER ST.,0.5,Derelict,Uneconomic to Develop/Soft End Use,Recreation & Leisure,55.873009,-4.21872,2.9,13.5,17.0,False,"https://www.google.com/maps/search/?api=1&query=55.873009,-4.218720"
11,3,13.1,0.0,violation,3106,,Glasgow City,26-66 LEDAIG STREET,0.44,Vacant Land,Uneconomic to Develop/Soft End Use,Residential - Housing,55.859962,-4.198561,3.6,14.7,16.7,False,"https://www.google.com/maps/search/?api=1&query=55.859962,-4.198561"
11,3,13.7,5.5,violation,3378,CHIRNSIDE P.F.,Glasgow City,ASHGILL ROAD,2.24,Derelict,Uneconomic to Develop/Soft End Use,Recreation & Leisure,55.893661,-4.242563,4.1,12.4,17.4,False,"https://www.google.com/maps/search/?api=1&query=55.893661,-4.242563"
11,3,14.0,123.9,ok,306,,Glasgow City,OPP NO 112-132 STRATHMORE ROAD.,1.38,Vacant Land,Developable - Undetermined,Unknown,55.898809,-4.258392,4.6,11.6,18.1,False,"https://www.google.com/maps/search/?api=1&query=55.898809,-4.258392"
11,3,14.0,32.3,violation,309,,Glasgow City,EAST OF 310 GLENTANNAR RD,0.78,Vacant Land,Developable - Undetermined,Unknown,55.899379,-4.256218,4.7,11.7,18.0,False,"https://www.google.com/maps/search/?api=1&query=55.899379,-4.256218"
11,3,13.6,,ok,3527,,Glasgow City,GREENSIDE CRES.,0.78,Vacant Land,Unknown (uncertain/insufficient information),Residential - Housing,55.87815,-4.188621,4.8,15.4,15.1,False,"https://www.google.com/maps/search/?api=1&query=55.878150,-4.188621"
11,3,14.0,,ok,3495,,Glasgow City,BELLROCK COURT/ SOUTRA PLACE.,0.77,Vacant Land,Unknown (uncertain/insufficient information),Residential - Housing,55.866584,-4.165691,5.7,16.8,14.6,False,"https://www.google.com/maps/search/?api=1&query=55.866584,-4.165691"
11,3,14.3,3.0,violation,3289,W. SUBURB CENTRE,Glasgow City,GARTLOCH ROAD / STEPPS ROAD,1.24,Vacant Land,Developable - Undetermined,Unknown,55.870865,-4.157345,6.3,17.3,13.9,False,"https://www.google.com/maps/search/?api=1&query=55.870865,-4.157345"
11,3,14.3,,ok,850,,Glasgow City,MOSSVALE ROAD/ MOSSVALE CRES.,0.82,Vacant Land,Developable - Undetermined,Unknown,55.874963,-4.1589,6.4,17.2,13.7,False,"https://www.google.com/maps/search/?api=1&query=55.874963,-4.158900"
11,2,17.1,,ok,4045,ST MARGARET MARY,Glasgow City,44 DOWNCRAIG ROAD,1.88,Vacant Land,Developable - Undetermined,Education,55.799212,-4.245058,6.5,14.0,23.4,False,"https://www.google.com/maps/search/?api=1&query=55.799212,-4.245058"
11,2,19.6,,ok,3789,,Glasgow City,183-187 GLENLORA DRIVE,0.9,Vacant Land,Developable - Undetermined,Residential - Housing,55.819322,-4.359927,7.8,6.9,27.7,False,"https://www.google.com/maps/search/?api=1&query=55.819322,-4.359927"
11,2,15.8,117.6,ok,2914,,Glasgow City,4-8 BUCHLYVIE STREET.,1.68,Vacant Land,Developable - Undetermined,Residential - Housing,55.863914,-4.114593,8.9,20.0,12.5,False,"https://www.google.com/maps/search/?api=1&query=55.863914,-4.114593"
11,2,18.1,167.2,ok,3188,,Glasgow City,DRUMMORE RD SUMMERHILL RD SADDELL RD,1.2,Vacant Land,Developable - Undetermined,Residential - Housing,55.917147,-4.3579,9.2,7.4,23.7,False,"https://www.google.com/maps/search/?api=1&query=55.917147,-4.357900"
11,2,18.2,5.8,violation,3658,SUMMERHILL P.S.,Glasgow City,DRUMMORE ROAD,1.71,Vacant Land,Developable - Undetermined,Education,55.917721,-4.36032,9.4,7.4,23.9,False,"https://www.google.com/maps/search/?api=1&query=55.917721,-4.360320"
11,2,16.5,0.0,violation,1673,,Glasgow City,DUNPHAIL ROAD/ ABBEYCRAIG ROAD.,0.99,Vacant Land,Developable - Undetermined,Residential - Housing,55.868395,-4.095945,10.1,21.1,11.4,False,"https://www.google.com/maps/search/?api=1&query=55.868395,-4.095945"
11,2,22.7,,ok,350723,DRUMS AVENUE (EAST),Renfrewshire,DRUMS AVENUE (EAST) PAISLEY (FERGUSLIE),0.91,Vacant Land,Developable - Undetermined,Residential - Housing,55.848966,-4.443555,11.8,2.0,30.9,True,"https://www.google.com/maps/search/?api=1&query=55.848966,-4.443555"
11,2,22.9,,ok,350721,BANKFOOT ROAD,Renfrewshire,BANKFOOT ROAD PAISLEY (FERGUSLIE),1.24,Vacant Land,Developable - Undetermined,Residential - Housing,55.850505,-4.448892,12.1,1.9,31.1,True,"https://www.google.com/maps/search/?api=1&query=55.850505,-4.448892"
11,2,23.1,,ok,350884,,Renfrewshire,BLACKSTOUN ROAD PAISLEY (FERGUSLIE),0.53,Vacant Land,Developable - Undetermined,Recreation & Leisure,55.848058,-4.451279,12.3,2.3,31.4,True,"https://www.google.com/maps/search/?api=1&query=55.848058,-4.451279"
11,2,23.7,,ok,350678,CANDREN ROAD (SOUTH),Renfrewshire,CANDREN ROAD (SOUTH) PAISLEY (FERGUSLIE),0.62,Vacant Land,Uneconomic to Develop/Soft End Use,Residential - Housing,55.843047,-4.459158,12.8,3.0,32.0,True,"https://www.google.com/maps/search/?api=1&query=55.843047,-4.459158"
11,2,23.7,,ok,350720,BELTREES CRESCENT,Renfrewshire,BELTREES CRESCENT PAISLEY (FERGUSLIE),2.69,Vacant Land,Uneconomic to Develop/Soft End Use,Residential - Housing,55.841892,-4.459388,12.9,3.1,32.1,True,"https://www.google.com/maps/search/?api=1&query=55.841892,-4.459388"
11,2,24.4,0.3,violation,8510561,DEE DRIVE,Renfrewshire,DEE DRIVE PAISLEY (FOXBAR),1.95,Vacant Land,Developable - Undetermined,Residential - Housing,55.830327,-4.464631,13.4,4.4,32.9,True,"https://www.google.com/maps/search/?api=1&query=55.830327,-4.464631"
11,2,24.5,22.4,violation,8510559,DEE DRIVE,Renfrewshire,DEE DRIVE PAISLEY (FOXBAR),1.0,Vacant Land,Developable - Undetermined,Residential - Housing,55.830978,-4.465806,13.5,4.4,32.9,True,"https://www.google.com/maps/search/?api=1&query=55.830978,-4.465806"
11,2,23.0,2.3,violation,NL008501381,FORGEWOOD REGEN AREA 3,North Lanarkshire,KYLEMORE CRESCENT FORGEWOOD MOTHERWELL,1.14,Vacant Land,Developable - Undetermined,Residential - Housing,55.801918,-4.00037,17.2,28.1,16.4,False,"https://www.google.com/maps/search/?api=1&query=55.801918,-4.000370"
11,1,31.2,169.0,ok,8410235,NORTHERN SITE,West Dunbartonshire,LOMOND IE ALEXANDRIA,1.98,Vacant Land,Developable - Undetermined,Agriculture,55.996137,-4.574884,25.2,17.0,37.4,False,"https://www.google.com/maps/search/?api=1&query=55.996137,-4.574884"
10,3,14.4,,ok,2440,,Glasgow City,HOUSTON STREET/ OPP HOUSTON PLACE.,0.89,Vacant Land,Unknown (uncertain/insufficient information),Unknown,55.851409,-4.275964,1.4,10.0,21.3,False,"https://www.google.com/maps/search/?api=1&query=55.851409,-4.275964"
10,3,13.0,0.1,violation,4389,MILLERSTON ST,Glasgow City,MILLERSTON ST GALLOWGATE,0.83,Vacant Land,Developable - Medium Term,Residential - Housing,55.855261,-4.215136,2.6,13.7,17.9,False,"https://www.google.com/maps/search/?api=1&query=55.855261,-4.215136"
10,3,13.4,,ok,3025,,Glasgow City,KILLEARN STREET/ STONYHURST ST/ BYSHOT PATH,1.41,Vacant Land,Developable - Medium Term,Residential - Housing,55.88109,-4.245883,2.7,11.9,18.1,False,"https://www.google.com/maps/search/?api=1&query=55.881090,-4.245883"
10,3,13.4,57.4,ok,3122,,Glasgow City,36-64 STONYHURST STREET/ 33-61 ALLANDER ST,1.33,Vacant Land,Developable - Medium Term,Residential - Housing,55.881857,-4.249157,2.7,11.7,18.3,False,"https://www.google.com/maps/search/?api=1&query=55.881857,-4.249157"
10,3,13.6,6.5,violation,4284,WESTERCOMMON PS,Glasgow City,ELLESMERE STREET,1.71,Vacant Land,Developable - Medium Term,Education,55.88165,-4.264847,2.7,10.7,19.2,False,"https://www.google.com/maps/search/?api=1&query=55.881650,-4.264847"
10,3,13.4,,ok,3026,,Glasgow City,2-28 BYSHOT STREET,0.79,Vacant Land,Developable - Medium Term,Residential - Housing,55.881577,-4.243849,2.8,12.0,18.0,False,"https://www.google.com/maps/search/?api=1&query=55.881577,-4.243849"
10,3,13.4,151.4,ok,2069,,Glasgow City,EDGEFAULD ROAD/ ATLAS ROAD/ CAMPSIE ST.,0.54,Vacant Land,Developable - Undetermined,Residential - Housing,55.884276,-4.226335,3.5,13.1,16.8,False,"https://www.google.com/maps/search/?api=1&query=55.884276,-4.226335"
10,3,13.3,,ok,4492,FORMER PLAYING FIELDS,Glasgow City,PETERSHILL DRIVE RED ROAD,2.78,Vacant Land,Developable - Medium Term,Recreation & Leisure,55.87854,-4.208548,3.8,14.2,16.1,False,"https://www.google.com/maps/search/?api=1&query=55.878540,-4.208548"
10,3,13.9,70.6,ok,4192,ST AUGUSTINE'S,Glasgow City,256 LIDDESDALE ROAD,1.1,Vacant Land,Developable - Medium Term,Education,55.896551,-4.252151,4.4,11.9,17.8,False,"https://www.google.com/maps/search/?api=1&query=55.896551,-4.252151"
10,3,14.1,,ok,3532,,Glasgow City,LAMLASH CRESCENT LONGSTONE ROAD,1.21,Vacant Land,Developable - Medium Term,Residential - Housing,55.867096,-4.162651,5.9,17.0,14.5,False,"https://www.google.com/maps/search/?api=1&query=55.867096,-4.162651"
10,3,14.2,,ok,3596,,Glasgow City,NEWHAVEN ROAD/ LAMLASH CRESCENT,0.93,Vacant Land,Developable - Medium Term,Residential - Housing,55.866564,-4.160719,6.0,17.1,14.4,False,"https://www.google.com/maps/search/?api=1&query=55.866564,-4.160719"
10,2,15.7,100.2,ok,8445243,,South Lanarkshire,FERNHILL ROAD RUTHERGLEN,0.48,Vacant Land,Developable - Undetermined,Recreation & Leisure,55.80899,-4.20633,6.2,15.6,20.9,False,"https://www.google.com/maps/search/?api=1&query=55.808990,-4.206330"
10,2,16.9,82.2,ok,2422,,Glasgow City,DOWNCRAIG DRIVE/ CARMUNNOCK ROAD.,1.69,Vacant Land,Developable - Undetermined,Unknown,55.801037,-4.243552,6.3,13.9,23.2,False,"https://www.google.com/maps/search/?api=1&query=55.801037,-4.243552"
10,3,14.6,,ok,2761,,Glasgow City,HORNDEAN ROAD/ PENSTON ROAD/ LONMAY ROAD.,2.48,Vacant Land,Developable - Undetermined,Residential - Housing,55.867183,-4.146912,6.9,18.0,13.7,False,"https://www.google.com/maps/search/?api=1&query=55.867183,-4.146912"
10,3,15.0,26.2,violation,3974,WELLHOUSE P.S.,Glasgow City,2-4 BALADO ROAD BARTIEBEITH ROAD,1.6,Vacant Land,Developable - Medium Term,Education,55.862867,-4.138779,7.3,18.5,13.7,False,"https://www.google.com/maps/search/?api=1&query=55.862867,-4.138779"
10,2,19.9,31.5,violation,2871,,Glasgow City,OPPOSITE 239 CLEEVES ROAD CLEEVES ROAD.,0.48,Vacant Land,Developable - Undetermined,Passive Open Space,55.813725,-4.358391,8.1,7.5,27.9,False,"https://www.google.com/maps/search/?api=1&query=55.813725,-4.358391"
10,2,15.9,27.0,violation,3975,BLAIRTUMMOCK P.S,Glasgow City,ABERDALGIE ROAD/ BALDINNIE ROAD,1.63,Vacant Land,Unknown (uncertain/insufficient information),Education,55.864992,-4.11414,8.9,20.0,12.4,False,"https://www.google.com/maps/search/?api=1&query=55.864992,-4.114140"
10,2,19.1,0.1,violation,4124,,Glasgow City,HALLGREEN AVENUE / ABBOTSHALL AVE,1.07,Vacant Land,Developable - Undetermined,Unknown,55.909692,-4.383785,9.9,5.8,25.5,False,"https://www.google.com/maps/search/?api=1&query=55.909692,-4.383785"
10,2,18.0,,ok,8445212,DALTON SCHOOL,South Lanarkshire,FLEMINGTON ROAD HALFWAY,1.36,Derelict,Uneconomic to Develop/Soft End Use,Education,55.804151,-4.127037,10.0,20.4,18.4,False,"https://www.google.com/maps/search/?api=1&query=55.804151,-4.127037"
10,2,16.9,0.1,violation,NL008521816,SITE OF FORMER TENNIS COURTS/BOWLING GREEN & PAVIL,North Lanarkshire,GARTFERRY ROAD MOODIESBURN,0.42,Vacant Land,Developable - Undetermined,Recreation & Leisure,55.914123,-4.095788,11.8,21.8,8.0,False,"https://www.google.com/maps/search/?api=1&query=55.914123,-4.095788"
10,2,19.9,,ok,NL008500706,ILAND SITE NL008500706,North Lanarkshire,MELFORD ROAD RIGHEAD INDUSTRIAL ESTATE BELLSHILL,1.02,Vacant Land,Developable - Medium Term,Prepared Ground,55.828145,-4.04283,13.7,24.8,13.9,False,"https://www.google.com/maps/search/?api=1&query=55.828145,-4.042830"
10,2,21.5,0.5,violation,NL008381888,FORMER RECREATION GROUND & CAR PARK,North Lanarkshire,OLD GLASGOW ROAD VILLAGE CUMBERNAULD,1.49,Derelict,Developable - Undetermined,Recreation & Leisure,55.957983,-3.985475,20.3,29.8,1.1,True,"https://www.google.com/maps/search/?api=1&query=55.957983,-3.985475"
10,1,30.6,2.6,violation,8410201,SOUTH OF LANE,West Dunbartonshire,DILLICHIP LOAN BONHILL,0.75,Vacant Land,Developable - Undetermined,Residential - Housing,55.978348,-4.574102,24.0,15.3,37.1,False,"https://www.google.com/maps/search/?api=1&query=55.978348,-4.574102"
10,1,29.8,43.6,violation,NL008501835,FORMER RECREATION GROUND (HOUSING SITE NLMW1250),North Lanarkshire,OVERTOWN ROAD WATERLOO WISHAW,1.61,Vacant Land,Developable - Medium Term,Recreation & Leisure,55.764588,-3.894799,24.9,35.6,21.2,False,"https://www.google.com/maps/search/?api=1&query=55.764588,-3.894799"
9,3,13.5,37.3,violation,2592,,Glasgow City,S OF POSSIL ROAD,0.45,Vacant Land,Developable - Undetermined,Residential - Housing,55.877233,-4.257283,2.2,11.1,18.9,False,"https://www.google.com/maps/search/?api=1&query=55.877233,-4.257283"
9,3,13.4,,ok,3027,,Glasgow City,2-28 ALLANDER STREET,0.67,Vacant Land,Unknown (uncertain/insufficient information),Residential - Housing,55.882385,-4.245878,2.8,11.9,18.0,False,"https://www.google.com/maps/search/?api=1&query=55.882385,-4.245878"
9,3,13.1,53.5,ok,3486,,Glasgow City,CARNTYNE ROAD/ TODD STREET,0.46,Vacant Land,Developable - Undetermined,Residential - Housing,55.858949,-4.199398,3.5,14.7,16.8,False,"https://www.google.com/maps/search/?api=1&query=55.858949,-4.199398"
9,3,13.8,45.5,violation,4174,OUR LADY P.S.,Glasgow City,WHITWORTH DRIVE BILSLAND DRIVE,0.82,Derelict,Developable - Undetermined,Education,55.889236,-4.269239,3.6,10.6,19.1,False,"https://www.google.com/maps/search/?api=1&query=55.889236,-4.269239"
9,3,13.5,117.5,ok,4321,ST ALOYSIUS PS,Glasgow City,12 CARRON CRESCENT,0.84,Derelict,Developable - Undetermined,Education,55.888038,-4.238944,3.6,12.4,17.4,False,"https://www.google.com/maps/search/?api=1&query=55.888038,-4.238944"
9,3,13.8,1.9,violation,2106,,Glasgow City,SOUTH OF HILLEND ROAD/WEST OF S.R.C. WATER,2.34,Vacant Land,Developable - Undetermined,Unknown,55.892243,-4.268471,3.9,10.8,18.9,False,"https://www.google.com/maps/search/?api=1&query=55.892243,-4.268471"
9,3,13.8,63.9,ok,4312,ROSEVALE P.S.,Glasgow City,SCALPAY STREET,0.95,Derelict,Developable - Undetermined,Education,55.895746,-4.247514,4.3,12.1,17.6,False,"https://www.google.com/maps/search/?api=1&query=55.895746,-4.247514"
9,3,14.0,48.2,violation,4191,JOAN OF ARC P.S.,Glasgow City,722 BALMORE ROAD,0.87,Derelict,Developable - Undetermined,Education,55.896478,-4.263967,4.4,11.2,18.5,False,"https://www.google.com/maps/search/?api=1&query=55.896478,-4.263967"
9,3,14.3,,ok,2834,,Glasgow City,SKERRYVORE ROAD/ LANGNESS ROAD/ MONARCH ROAD.,0.63,Vacant Land,Unknown (uncertain/insufficient information),Residential - Housing,55.864801,-4.158735,6.1,17.2,14.4,False,"https://www.google.com/maps/search/?api=1&query=55.864801,-4.158735"
9,3,14.2,,ok,3530,,Glasgow City,SKERRYVORE ROAD.,2.1,Vacant Land,Unknown (uncertain/insufficient information),Residential - Housing,55.865573,-4.15929,6.1,17.2,14.4,False,"https://www.google.com/maps/search/?api=1&query=55.865573,-4.159290"
9,2,15.7,83.5,ok,8445388,SHIP SITE,South Lanarkshire,SHIELDAIG DRIVE RUTHERGLEN,0.73,Vacant Land,Developable - Short Term,Recreation & Leisure,55.809005,-4.20748,6.2,15.5,21.0,False,"https://www.google.com/maps/search/?api=1&query=55.809005,-4.207480"
9,2,18.1,4.5,violation,4382,FMR THIRLSTANE NURSERY,Glasgow City,56 CRAGGAN DRIVE YOKER,1.33,Vacant Land,Developable - Medium Term,Education,55.887788,-4.368481,7.8,4.8,25.1,True,"https://www.google.com/maps/search/?api=1&query=55.887788,-4.368481"
9,2,15.4,135.4,ok,3284,,Glasgow City,8-12 ARNISDALE ROAD,1.09,Vacant Land,Developable - Medium Term,Residential - Housing,55.866137,-4.126429,8.2,19.2,12.8,False,"https://www.google.com/maps/search/?api=1&query=55.866137,-4.126429"
9,2,16.8,0.4,violation,8445367,FORMER PS,South Lanarkshire,CAIRNSWELL AVENU CAMBUSLANG,2.65,Vacant Land,Developable - Undetermined,Education,55.810345,-4.149654,8.5,18.8,18.6,False,"https://www.google.com/maps/search/?api=1&query=55.810345,-4.149654"
9,2,17.7,105.1,ok,4064,PINEWOOD P.S.,Glasgow City,505 KINFAUNS DRIVE,1.17,Vacant Land,Developable - Medium Term,Education,55.914416,-4.350341,8.7,7.5,23.3,False,"https://www.google.com/maps/search/?api=1&query=55.914416,-4.350341"
9,2,15.9,3.8,violation,2915,,Glasgow City,3-23 BUCHLYVIE STREET.,1.97,Vacant Land,Developable - Medium Term,Residential - Housing,55.864217,-4.11266,9.0,20.1,12.4,False,"https://www.google.com/maps/search/?api=1&query=55.864217,-4.112660"
9,2,18.1,0.2,violation,3559,,Glasgow City,KINCLAVEN AVENUE BLACKCRAIG AVE LINKWOOD DR.,1.56,Vacant Land,Developable - Medium Term,Residential - Housing,55.912596,-4.361832,9.0,6.9,24.0,False,"https://www.google.com/maps/search/?api=1&query=55.912596,-4.361832"
9,2,15.9,0.8,violation,4127,,Glasgow City,WESTERHOUSE ROAD ERROGIE STREET,0.95,Vacant Land,Unknown (uncertain/insufficient information),Unknown,55.867941,-4.111967,9.1,20.1,12.1,False,"https://www.google.com/maps/search/?api=1&query=55.867941,-4.111967"
9,2,20.7,,ok,350891,OLDBARHILLS TRAVELLERS SITE,Renfrewshire,HURLET ROAD PAISLEY,1.74,Derelict,Uneconomic to Develop/Soft End Use,"Residential - Hotels, Hostels etc",55.824172,-4.387555,9.1,5.5,28.9,False,"https://www.google.com/maps/search/?api=1&query=55.824172,-4.387555"
9,2,16.9,0.6,violation,8445298,FORMER PS,South Lanarkshire,NEWTON BRAE NEWTON,0.6,Vacant Land,Developable - Undetermined,Education,55.820097,-4.126343,9.1,19.9,16.9,False,"https://www.google.com/maps/search/?api=1&query=55.820097,-4.126343"
9,2,20.9,,ok,8510453,FMR SEWERAGE WKS,East Renfrewshire,GLASGOW ROAD BARRHEAD,0.79,Derelict,Uneconomic to Develop/Soft End Use,Community & Health,55.810817,-4.37641,9.2,7.1,29.0,False,"https://www.google.com/maps/search/?api=1&query=55.810817,-4.376410"
9,2,18.2,85.8,ok,3560,,Glasgow City,BARNKIRK AVENUE/ BLACKCRAIG AVE/ KINFAUNS DR.,1.32,Vacant Land,Developable - Medium Term,Residential - Housing,55.913583,-4.363333,9.2,6.9,24.1,False,"https://www.google.com/maps/search/?api=1&query=55.913583,-4.363333"
9,2,18.3,0.6,violation,3563,,Glasgow City,BARNKIRK AVENUE/ BLACKCRAIG AVE.,1.24,Vacant Land,Developable - Medium Term,Residential - Housing,55.912755,-4.36429,9.2,6.8,24.2,False,"https://www.google.com/maps/search/?api=1&query=55.912755,-4.364290"
9,2,18.4,107.6,ok,3666,,Glasgow City,KINFAUNS DRIVE/ PEEL GLEN ROAD,0.91,Vacant Land,Developable - Medium Term,Residential - Housing,55.915435,-4.364678,9.4,7.0,24.2,False,"https://www.google.com/maps/search/?api=1&query=55.915435,-4.364678"
9,2,16.2,6.9,violation,2913,,Glasgow City,11 LOCHDOCHART ROAD.,1.18,Vacant Land,Developable - Medium Term,Residential - Housing,55.865057,-4.104027,9.5,20.6,12.0,False,"https://www.google.com/maps/search/?api=1&query=55.865057,-4.104027"
9,2,16.2,1.0,violation,4094,RODGERFIELD P.S.,Glasgow City,CORSEHILL STREET DALSWINTON ST.,0.81,Vacant Land,Developable - Medium Term,Education,55.865948,-4.104507,9.5,20.6,11.9,False,"https://www.google.com/maps/search/?api=1&query=55.865948,-4.104507"
9,2,16.4,2.5,violation,3607,,Glasgow City,LOCHDOCHART ROAD /TWINLAW STREET,0.87,Vacant Land,Developable - Medium Term,Residential - Housing,55.87175,-4.097836,10.0,21.0,11.2,False,"https://www.google.com/maps/search/?api=1&query=55.871750,-4.097836"
9,2,18.9,0.0,violation,4095,LOCHGOIN P.S.,Glasgow City,12 LOCHGOIN AVENUE,1.5,Vacant Land,Developable - Medium Term,Education,55.916376,-4.376018,10.0,6.7,24.9,False,"https://www.google.com/maps/search/?api=1&query=55.916376,-4.376018"
9,2,16.5,1.6,violation,3698,,Glasgow City,TWINLAW STREET/ ABBEYCRAIG ROAD.,1.33,Vacant Land,Developable - Medium Term,Residential - Housing,55.871156,-4.095294,10.2,21.2,11.1,False,"https://www.google.com/maps/search/?api=1&query=55.871156,-4.095294"
9,2,19.9,,ok,8410373,PLAYDROME,West Dunbartonshire,ABBOTSFORD ROAD CLYDEBANK,1.48,Vacant Land,Developable - Short Term,Recreation & Leisure,55.90152,-4.401458,10.4,4.5,26.7,True,"https://www.google.com/maps/search/?api=1&query=55.901520,-4.401458"
9,2,22.9,44.9,violation,350796,LOMOND CRESCENT,Renfrewshire,LOMOND CRESCENT PAISLEY (GLENBURN),0.73,Vacant Land,Developable - Medium Term,Residential - Housing,55.825078,-4.432157,11.6,4.5,31.3,True,"https://www.google.com/maps/search/?api=1&query=55.825078,-4.432157"
9,2,20.5,134.7,ok,8425315,FORMER HUNTER PS,South Lanarkshire,CALDERWOOD ROAD EAST KILBRIDE,0.82,Vacant Land,Developable - Medium Term,Education,55.769258,-4.152557,11.8,20.6,22.6,False,"https://www.google.com/maps/search/?api=1&query=55.769258,-4.152557"
9,2,23.0,,ok,350883,,Renfrewshire,CRAWFURD DRIVE PAISLEY (FERGUSLIE),0.66,Vacant Land,Developable - Undetermined,Education,55.850305,-4.450366,12.2,2.0,31.2,True,"https://www.google.com/maps/search/?api=1&query=55.850305,-4.450366"
9,2,19.6,16.0,violation,NL008501918,FORMER PLAYING FIELDS (PROPOSED HOUSING SITE),North Lanarkshire,LABURNUM ROAD VIEWPARK UDDINGSTON,1.01,Vacant Land,Developable - Short Term,Recreation & Leisure,55.825124,-4.052123,13.3,24.3,14.4,False,"https://www.google.com/maps/search/?api=1&query=55.825124,-4.052123"
9,2,24.3,44.7,violation,350779,ALMOND CRESCENT,Renfrewshire,ALMOND CRESCENT PAISLEY (FOXBAR),1.26,Vacant Land,Developable - Medium Term,Residential - Housing,55.83207,-4.462888,13.3,4.2,32.7,True,"https://www.google.com/maps/search/?api=1&query=55.832070,-4.462888"
9,2,23.0,1.1,violation,NL008501382,FORGEWOOD REGEN AREA 1,North Lanarkshire,BREADALBANE CRESCENT FORGEWOOD MOTHERWELL,0.66,Vacant Land,Developable - Undetermined,Residential - Housing,55.801981,-4.001522,17.1,28.0,16.3,False,"https://www.google.com/maps/search/?api=1&query=55.801981,-4.001522"
9,2,23.0,0.8,violation,NL008501410,FORGEWOOD REGENERATON AREA 4,North Lanarkshire,DALRIADA CRESCENT FORGEWOOD MOTHERWELL,0.51,Vacant Land,Developable - Undetermined,Residential - Housing,55.800796,-4.001397,17.1,28.0,16.5,False,"https://www.google.com/maps/search/?api=1&query=55.800796,-4.001397"
9,1,31.7,59.9,ok,8425391,FORMER RAIL LINE EAST,South Lanarkshire,LESMAHAGOW ROAD STRATHAVEN,0.82,Vacant Land,Uneconomic to Develop/Soft End Use,Transport,55.675362,-4.06121,23.7,31.6,30.8,False,"https://www.google.com/maps/search/?api=1&query=55.675362,-4.061210"
9,1,31.3,,ok,NL008501860,FORMER BLAES PITCHES (FORMER HOUSING SITE NLMW1228,North Lanarkshire,BON ACCORD CRESCENT DYKEHEAD SHOTTS,1.14,Derelict,Developable - Undetermined,Recreation & Leisure,55.822939,-3.800353,28.8,40.0,18.0,False,"https://www.google.com/maps/search/?api=1&query=55.822939,-3.800353"
9,0,41.3,0.7,violation,8375221,,South Lanarkshire,BALGRAY ROAD LESMAHAGOW,0.68,Vacant Land,Developable - Undetermined,Passive Open Space,55.626776,-3.878341,34.9,43.9,36.4,False,"https://www.google.com/maps/search/?api=1&query=55.626776,-3.878341"
9,0,44.6,0.2,violation,8375386,,South Lanarkshire,MIDFIELD ROAD COALBURN,0.91,Vacant Land,Developable - Undetermined,Residential - Housing,55.590047,-3.88122,37.9,46.3,40.4,False,"https://www.google.com/maps/search/?api=1&query=55.590047,-3.881220"
9,0,48.1,1.3,violation,6155,FORMER RESIDENTIAL DEVELOPMENT,East Ayrshire,HENDERSON DRIVE SMALLBURN MUIRKIRK,1.07,Vacant Land,Developable - Undetermined,Residential - Housing,55.518531,-4.079375,39.3,44.6,48.2,False,"https://www.google.com/maps/search/?api=1&query=55.518531,-4.079375"
9,0,52.7,0.0,violation,6153,FORMER RESIDENTIAL DEVELOPMENT,East Ayrshire,STONER CRESCENT AUCHINLECK,1.56,Vacant Land,Developable - Undetermined,Residential - Housing,55.474799,-4.292637,42.7,44.4,56.2,False,"https://www.google.com/maps/search/?api=1&query=55.474799,-4.292637"
8,3,13.5,53.0,ok,2045,PHEONIX PK NURSERY,Glasgow City,CIVIC STREET,1.37,Vacant Land,Developable - Short Term,Education,55.870766,-4.258522,1.5,11.0,19.3,False,"https://www.google.com/maps/search/?api=1&query=55.870766,-4.258522"
8,3,13.1,0.1,violation,3138,,Glasgow City,20-38 THARSIS STREET,1.29,Vacant Land,Developable - Short Term,Residential - Housing,55.869505,-4.227136,2.2,12.9,17.6,False,"https://www.google.com/maps/search/?api=1&query=55.869505,-4.227136"
8,3,13.4,,ok,2880,,Glasgow City,7-29 KILLEARN STREET,0.52,Vacant Land,Developable - Medium Term,Residential - Housing,55.88054,-4.246011,2.6,11.9,18.1,False,"https://www.google.com/maps/search/?api=1&query=55.880540,-4.246011"
8,3,13.4,144.6,ok,3127,,Glasgow City,32-46 ALLANDER STREET,0.41,Vacant Land,Unknown (uncertain/insufficient information),Residential - Housing,55.882426,-4.248503,2.8,11.7,18.2,False,"https://www.google.com/maps/search/?api=1&query=55.882426,-4.248503"
8,3,13.1,,ok,1535,,Glasgow City,BLOCHAIRN ROAD/ SEIMENS ROAD.,1.27,Vacant Land,Developable - Undetermined,Manufacturing,55.870649,-4.213007,3.0,13.8,16.8,False,"https://www.google.com/maps/search/?api=1&query=55.870649,-4.213007"
8,3,14.8,25.9,violation,2969,,Glasgow City,PROSPECTHILL RD/ BOLIVAR TERRACE/ HANGINGSHAW P,2.42,Vacant Land,Developable - Medium Term,Residential - Housing,55.827882,-4.249489,3.3,12.3,21.4,False,"https://www.google.com/maps/search/?api=1&query=55.827882,-4.249489"
8,2,15.4,10.3,violation,4035,BROOMLOAN SCHOOL,Glasgow City,BROOMLOAN ROAD/ NEPTUNE STREET.,0.61,Derelict,Uneconomic to Develop/Soft End Use,Education,55.859144,-4.308936,3.3,7.8,22.7,False,"https://www.google.com/maps/search/?api=1&query=55.859144,-4.308936"
8,3,13.1,36.0,violation,3479,,Glasgow City,BENGAIRN STREET/ APPIN ROAD,0.6,Vacant Land,Developable - Medium Term,Residential - Housing,55.859265,-4.200838,3.4,14.6,16.9,False,"https://www.google.com/maps/search/?api=1&query=55.859265,-4.200838"
8,3,13.2,95.6,ok,592,,Glasgow City,SOUTH OF 10 CASTLELAW ST,1.57,Derelict,Developable - Undetermined,Community & Health,55.863101,-4.195909,3.8,14.9,16.4,False,"https://www.google.com/maps/search/?api=1&query=55.863101,-4.195909"
8,3,14.6,14.2,violation,3618,,Glasgow City,2-80 BARRISDALE ROAD,0.59,Vacant Land,Developable - Medium Term,Residential - Housing,55.897412,-4.290735,5.0,9.6,20.1,False,"https://www.google.com/maps/search/?api=1&query=55.897412,-4.290735"
8,3,13.9,107.3,ok,3901,ST MODANS PRIMRY,Glasgow City,BELLROCK CRES/ FASTNET STREET/ CLOCH STREET,1.52,Derelict,Unknown (uncertain/insufficient information),Education,55.866924,-4.168347,5.6,16.6,14.7,False,"https://www.google.com/maps/search/?api=1&query=55.866924,-4.168347"
8,3,13.9,202.5,ok,3976,RUCHAZIE P.S.,Glasgow City,GARTLOCH ROAD/ DRUMLOCHY ROAD/ ELIBANK ST,1.89,Vacant Land,Developable - Short Term,Education,55.87116,-4.169222,5.6,16.6,14.5,False,"https://www.google.com/maps/search/?api=1&query=55.871160,-4.169222"
8,2,17.8,0.3,violation,3853,,Glasgow City,LOCHAR CRESCENT/ WHITE CART WATER,0.59,Vacant Land,Developable - Undetermined,Community & Health,55.834928,-4.338578,5.8,6.9,25.6,False,"https://www.google.com/maps/search/?api=1&query=55.834928,-4.338578"
8,3,14.2,,ok,3995,ASHCRAIG S.N. SC,Glasgow City,100 AVENUE END ROAD,0.54,Vacant Land,Developable - Short Term,Recreation & Leisure,55.876391,-4.163056,6.2,17.0,13.9,False,"https://www.google.com/maps/search/?api=1&query=55.876391,-4.163056"
8,3,14.3,,ok,4002,EL'BETH S'TON PS,Glasgow City,15-23 TOWARD ROAD,0.63,Vacant Land,Developable - Medium Term,Education,55.863873,-4.157885,6.2,17.3,14.5,False,"https://www.google.com/maps/search/?api=1&query=55.863873,-4.157885"
8,2,16.0,0.5,violation,3539,,Glasgow City,EASTERHOUSE ROAD ABERDALGIE ROAD BALDINNIE RD.,2.24,Vacant Land,Unknown (uncertain/insufficient information),Residential - Housing,55.863371,-4.10961,9.2,20.3,12.4,False,"https://www.google.com/maps/search/?api=1&query=55.863371,-4.109610"
8,2,20.3,,ok,350908,EX TOWER BLOCK SITE (M8),Renfrewshire,MONTGOMERY ROAD (ARKLESTON) PAISLEY (NORTH),1.25,Vacant Land,Developable - Short Term,Agriculture,55.859981,-4.404566,9.3,1.9,28.2,True,"https://www.google.com/maps/search/?api=1&query=55.859981,-4.404566"
8,2,18.0,4.6,violation,NL008491966,SITE OF FORMER KIRKWOOD SPORTS BARN AND PITCHES,North Lanarkshire,MITCHELL STREET KIRKWOOD COATBRIDGE,2.93,Derelict,Developable - Undetermined,Recreation & Leisure,55.849813,-4.068105,11.8,23.0,12.2,False,"https://www.google.com/maps/search/?api=1&query=55.849813,-4.068105"
8,2,19.2,2.3,violation,NL008502029,FORMER VIEWPARK GARDENS,North Lanarkshire,BAIRDS AVENUE VIEWPARK UDDINGSTON,2.18,Derelict,Developable - Undetermined,Recreation & Leisure,55.823252,-4.063566,12.6,23.7,14.8,False,"https://www.google.com/maps/search/?api=1&query=55.823252,-4.063566"
8,2,24.6,30.5,violation,8510560,DON DRIVE,Renfrewshire,DON DRIVE PAISLEY (FOXBAR),0.41,Vacant Land,Developable - Undetermined,Residential - Housing,55.830707,-4.467657,13.6,4.4,33.1,True,"https://www.google.com/maps/search/?api=1&query=55.830707,-4.467657"
8,2,22.4,90.6,ok,8450007,BEHIND HEALTH CE,South Lanarkshire,HILLHOUSE ROAD HAMILTON,0.8,Vacant Land,Developable - Medium Term,Unknown,55.771914,-4.072315,14.9,24.9,20.4,False,"https://www.google.com/maps/search/?api=1&query=55.771914,-4.072315"
8,2,22.4,0.1,violation,8455214,,South Lanarkshire,WELLHALL ROAD HAMILTON,1.22,Vacant Land,Developable - Medium Term,"Residential - Hotels, Hostels etc",55.771058,-4.071871,15.0,25.0,20.5,False,"https://www.google.com/maps/search/?api=1&query=55.771058,-4.071871"
8,2,21.2,,ok,NL008501593,REEMA ROAD WEST (REINSTATED),North Lanarkshire,REEMA ROAD BELLSHILL,0.82,Vacant Land,Developable - Undetermined,Mineral Activity,55.822323,-4.017173,15.4,26.5,14.2,False,"https://www.google.com/maps/search/?api=1&query=55.822323,-4.017173"
8,2,20.7,98.9,ok,NL008491871,PROPOSED HOUSING SITE NLMK1158,North Lanarkshire,LEAEND ROAD WHINHALL AIRDRIE,1.54,Vacant Land,Developable - Undetermined,Mineral Activity,55.871546,-3.99503,16.4,27.5,8.6,False,"https://www.google.com/maps/search/?api=1&query=55.871546,-3.995030"
8,1,27.1,12.5,violation,350788,NORTH ROAD,Renfrewshire,NORTH ROAD ( EAST ) JOHNSTONE,0.87,Vacant Land,Developable - Medium Term,Residential - Housing,55.831867,-4.514186,16.4,6.3,35.7,False,"https://www.google.com/maps/search/?api=1&query=55.831867,-4.514186"
8,2,22.0,,ok,NL008500567,EUROCENTRAL PLOT Y (NLS00367),North Lanarkshire,MCNEIL DRIVE NEWHOUSE,1.31,Vacant Land,Developable - Short Term,Prepared Ground,55.828146,-3.994084,16.7,27.9,13.4,False,"https://www.google.com/maps/search/?api=1&query=55.828146,-3.994084"
8,2,20.9,14.2,violation,NL008491870,HOUSING SITE NLMK1151,North Lanarkshire,DYKEHEAD ROAD AIRDRIE,0.71,Vacant Land,Developable - Undetermined,Mineral Activity,55.877672,-3.988007,16.9,27.9,7.9,False,"https://www.google.com/maps/search/?api=1&query=55.877672,-3.988007"
8,2,22.5,125.9,ok,NL008500245,SITE OF FORMER CLYDESDALE COLLEGE,North Lanarkshire,CLYDESDALE STREET NEW STEVENSTON MOTHERWELL,0.53,Derelict,Developable - Undetermined,Recreation & Leisure,55.816778,-3.993487,17.0,28.1,14.7,False,"https://www.google.com/maps/search/?api=1&query=55.816778,-3.993487"
8,2,23.6,,ok,NL008491197,LANARKSHIRE ENTERPRISE PARK (NLS00288),North Lanarkshire,YORK ROAD CHAPELHALL,1.15,Vacant Land,Developable - Short Term,Prepared Ground,55.833745,-3.95429,19.1,30.2,12.9,False,"https://www.google.com/maps/search/?api=1&query=55.833745,-3.954290"
8,2,23.2,,ok,NL008491158,FORMER TRAVELLERS SITE,North Lanarkshire,AIRDRIE ROAD PLAINS,0.71,Derelict,Developable - Undetermined,Residential - Housing,55.873406,-3.939994,19.8,30.9,8.8,False,"https://www.google.com/maps/search/?api=1&query=55.873406,-3.939994"
8,1,26.5,6.3,violation,NL008501614,HOUSING SITE NLMW0235,North Lanarkshire,ENGLISH STREET CRAIGNEUK WISHAW,0.58,Vacant Land,Developable - Undetermined,Residential - Housing,55.777425,-3.952586,21.0,31.7,19.1,False,"https://www.google.com/maps/search/?api=1&query=55.777425,-3.952586"
7,3,13.3,1.3,violation,4132,FORMER HOSTEL,Glasgow City,22 KYLE STREET 92 DOBIES LOAN,0.64,Vacant Land,Developable - Medium Term,"Residential - Hotels, Hostels etc",55.867207,-4.246744,1.2,11.7,18.8,False,"https://www.google.com/maps/search/?api=1&query=55.867207,-4.246744"
7,3,13.1,72.1,ok,3112,,Glasgow City,RHYMER STREET/ CASTLE STREET/ M8.,0.63,Vacant Land,Developable - Medium Term,Community & Health,55.867563,-4.23361,1.8,12.5,18.1,False,"https://www.google.com/maps/search/?api=1&query=55.867563,-4.233610"
7,3,13.5,41.6,violation,4345,ARDOCH HOUSE,Glasgow City,CARBETH STREET,0.87,Derelict,Developable - Short Term,Recreation & Leisure,55.882829,-4.257432,2.8,11.2,18.7,False,"https://www.google.com/maps/search/?api=1&query=55.882829,-4.257432"
7,3,13.5,86.3,ok,4388,FORMER ARDOCH HOUSE,Glasgow City,ARDOCH STREET CARBETH STREET,0.55,Vacant Land,Developable - Medium Term,"Residential - Hotels, Hostels etc",55.88271,-4.256114,2.8,11.3,18.6,False,"https://www.google.com/maps/search/?api=1&query=55.882710,-4.256114"
7,3,13.5,2.1,violation,4291,,Glasgow City,SPRINGFIELD ROAD DALMARNOCK ROAD/,1.25,Vacant Land,Developable - Short Term,Community & Health,55.841813,-4.214754,3.1,14.0,18.8,False,"https://www.google.com/maps/search/?api=1&query=55.841813,-4.214754"
7,3,13.5,,ok,505,EASTFIELD,Glasgow City,WEST OF 915 SPRINGBURN RD,1.85,Derelict,Unknown (uncertain/insufficient information),Unknown,55.889872,-4.235963,3.8,12.7,17.1,False,"https://www.google.com/maps/search/?api=1&query=55.889872,-4.235963"
7,3,13.4,,ok,4493,FORMER BROOMKNOWES PRIMARY SCHOOL,Glasgow City,RED ROAD RED ROAD COURT,0.73,Derelict,Developable - Medium Term,Education,55.880746,-4.209793,3.9,14.1,16.1,False,"https://www.google.com/maps/search/?api=1&query=55.880746,-4.209793"
7,3,14.8,11.6,violation,2309,,Glasgow City,MARYHILL LOCKS,0.96,Derelict,Developable - Short Term,Passive Open Space,55.893334,-4.299259,4.8,9.0,20.7,False,"https://www.google.com/maps/search/?api=1&query=55.893334,-4.299259"
7,3,14.1,,ok,4099,LAMLASH NUR.SCH.,Glasgow City,5 LAMLASH CRES./ BELLROCK STREET,0.49,Vacant Land,Developable - Medium Term,Education,55.866367,-4.164272,5.8,16.9,14.6,False,"https://www.google.com/maps/search/?api=1&query=55.866367,-4.164272"
7,2,17.6,,ok,2446,,Glasgow City,WEST OF 337BOGMOOR ROAD N OF HILLINGTON IND EST.,1.96,Vacant Land,Unknown (uncertain/insufficient information),Transport,55.861474,-4.354317,6.2,5.0,25.2,False,"https://www.google.com/maps/search/?api=1&query=55.861474,-4.354317"
7,2,18.9,,ok,4354,HOWFORD PS,Glasgow City,PS CROOKSTON ROAD,0.7,Vacant Land,Developable - Short Term,Education,55.83601,-4.363781,7.2,5.5,26.9,False,"https://www.google.com/maps/search/?api=1&query=55.836010,-4.363781"
7,2,18.3,1.8,violation,3216,,Glasgow City,2127-2131 DUMBARTON ROAD,0.69,Vacant Land,Developable - Medium Term,Residential - Housing,55.885871,-4.373737,8.0,4.4,25.4,True,"https://www.google.com/maps/search/?api=1&query=55.885871,-4.373737"
7,2,15.3,154.4,ok,3781,,Glasgow City,KILDERMORIE ROAD M8/ WESTERHOUSE ROAD,0.45,Vacant Land,Unknown (uncertain/insufficient information),Residential - Housing,55.86614,-4.127804,8.1,19.2,12.9,False,"https://www.google.com/maps/search/?api=1&query=55.866140,-4.127804"
7,2,17.6,2.2,violation,4110,FMR YOUTH CENTRE,Glasgow City,ESSENSIDE AVE/ DRUMCHAPEL ROAD,0.42,Vacant Land,Developable - Undetermined,Community & Health,55.90663,-4.353773,8.2,6.8,23.7,False,"https://www.google.com/maps/search/?api=1&query=55.906630,-4.353773"
7,2,17.7,0.0,violation,4495,FORMER STONEDYKE PRIMARY SCHOOL,Glasgow City,CLOAN AVENUE,1.68,Derelict,Unknown (uncertain/insufficient information),Education,55.908614,-4.353862,8.4,6.9,23.6,False,"https://www.google.com/maps/search/?api=1&query=55.908614,-4.353862"
7,2,15.6,,unscreened,3783,ST BENEDICT'S,Glasgow City,WESTERHOUSE ROAD,1.12,Vacant Land,Developable - Short Term,Education,55.86974,-4.120744,8.6,19.6,12.3,False,"https://www.google.com/maps/search/?api=1&query=55.869740,-4.120744"
7,2,20.4,,unscreened,3858,MUS.RESOURCE CTR,Glasgow City,WOODHEAD ROAD,0.88,Vacant Land,Developable - Undetermined,Other General Industry,55.811148,-4.365274,8.6,7.4,28.4,False,"https://www.google.com/maps/search/?api=1&query=55.811148,-4.365274"
7,2,18.2,,unscreened,3662,BROADHOLM P.S.,Glasgow City,LINKWOOD DRIVE,2.32,Vacant Land,Developable - Medium Term,Education,55.911138,-4.36288,9.0,6.7,24.1,False,"https://www.google.com/maps/search/?api=1&query=55.911138,-4.362880"
7,2,15.9,,unscreened,3071,,Glasgow City,8-34 BALDRAGON ROAD.,2.52,Vacant Land,Developable - Medium Term,Residential - Housing,55.871015,-4.110887,9.2,20.2,11.8,False,"https://www.google.com/maps/search/?api=1&query=55.871015,-4.110887"
7,2,15.9,,unscreened,3107,,Glasgow City,9-25 BALDRAGON ROAD,0.59,Vacant Land,Developable - Medium Term,Residential - Housing,55.871768,-4.110976,9.2,20.2,11.7,False,"https://www.google.com/maps/search/?api=1&query=55.871768,-4.110976"
7,2,21.0,,unscreened,8511705,BOWERWALLS BUSINES,East Renfrewshire,10 BOWERWALLS PLACE BARRHEAD,0.72,Vacant Land,Developable - Short Term,Residential - Housing,55.807914,-4.375483,9.3,7.4,29.2,False,"https://www.google.com/maps/search/?api=1&query=55.807914,-4.375483"
7,2,18.6,,unscreened,3562,,Glasgow City,INVERCANNY DRIVE INVERCANNY PLACE,0.46,Vacant Land,Unknown (uncertain/insufficient information),Residential - Housing,55.915633,-4.369331,9.6,6.9,24.5,False,"https://www.google.com/maps/search/?api=1&query=55.915633,-4.369331"
7,2,18.6,,unscreened,3611,,Glasgow City,KINFAUNS DRIVE/ AIRGOLD DRIVE.,2.83,Vacant Land,Developable - Medium Term,Residential - Housing,55.916087,-4.370063,9.7,6.9,24.5,False,"https://www.google.com/maps/search/?api=1&query=55.916087,-4.370063"
7,2,16.3,,unscreened,3972,BISHOP LOCH P.S.,Glasgow City,LOCHEND ROAD/ AUCHINGILL ROAD/ SKELBO PLACE,2.04,Vacant Land,Developable - Medium Term,Education,55.872859,-4.101316,9.8,20.8,11.2,False,"https://www.google.com/maps/search/?api=1&query=55.872859,-4.101316"
7,2,16.5,,unscreened,3971,COMMONHEAD & ST,Glasgow City,COLLETTES P. S. DUNGEONHILL RD / COMMONHEAD RD,2.07,Vacant Land,Developable - Medium Term,Education,55.865835,-4.097948,9.9,21.0,11.7,False,"https://www.google.com/maps/search/?api=1&query=55.865835,-4.097948"
7,2,19.1,,unscreened,3820,,Glasgow City,5-17 LILLYBURN PLACE,0.72,Vacant Land,Developable - Short Term,Residential - Housing,55.918213,-4.379603,10.3,6.7,25.0,False,"https://www.google.com/maps/search/?api=1&query=55.918213,-4.379603"
7,2,19.2,,unscreened,3632,,Glasgow City,LILLYBURN PLACE,1.26,Vacant Land,Developable - Short Term,Residential - Housing,55.918116,-4.381326,10.4,6.7,25.2,False,"https://www.google.com/maps/search/?api=1&query=55.918116,-4.381326"
7,2,22.6,,ok,350770,DRUMS CRESCENT,Renfrewshire,DRUMS CRESCENT PAISLEY (FERGUSLIE),0.54,Vacant Land,Developable - Medium Term,Residential - Housing,55.849277,-4.442392,11.7,1.9,30.8,True,"https://www.google.com/maps/search/?api=1&query=55.849277,-4.442392"
7,2,23.0,,ok,8510611,BLACKSTOUN ROAD,Renfrewshire,BLACKSTOUN ROAD PAISLEY (FERGUSLIE),0.89,Vacant Land,Developable - Short Term,Residential - Housing,55.84955,-4.449903,12.2,2.1,31.2,True,"https://www.google.com/maps/search/?api=1&query=55.849550,-4.449903"
7,2,24.8,0.0,violation,350799,MONTROSE ROAD,Renfrewshire,MONTROSE ROAD PAISLEY (FOXBAR),0.55,Vacant Land,Developable - Medium Term,Residential - Housing,55.823262,-4.466882,13.8,5.2,33.4,False,"https://www.google.com/maps/search/?api=1&query=55.823262,-4.466882"
7,1,25.1,3.2,violation,NL008491235,SITE OF FORMER ST MARY'S RC PRIMARY SCHOOL,North Lanarkshire,GLEN ROAD CALDERCRUIX,1.32,Derelict,Developable - Undetermined,Education,55.891287,-3.892223,23.1,34.0,8.5,False,"https://www.google.com/maps/search/?api=1&query=55.891287,-3.892223"
7,1,25.1,16.3,violation,NL008491901,FORMER ST MARY'S PS PLAYING FIELD (HSG SITE NLMK05,North Lanarkshire,HILL STREET CALDERCRUIX,1.07,Derelict,Developable - Undetermined,Education,55.892048,-3.891813,23.1,34.0,8.5,False,"https://www.google.com/maps/search/?api=1&query=55.892048,-3.891813"
7,1,31.8,1.1,violation,8425392,FORMER RAIL LINE WEST,South Lanarkshire,STATION ROAD STRATHAVEN,2.52,Vacant Land,Uneconomic to Develop/Soft End Use,Transport,55.673294,-4.067669,23.7,31.4,31.1,False,"https://www.google.com/maps/search/?api=1&query=55.673294,-4.067669"
7,1,29.2,0.7,violation,NL008502017,SITE OF FORMER ST BRIGID'S PRIMARY SCHOOL,North Lanarkshire,NEWTON DRIVE NEWMAINS,1.06,Derelict,Developable - Undetermined,Education,55.784102,-3.881696,24.8,35.8,19.4,False,"https://www.google.com/maps/search/?api=1&query=55.784102,-3.881696"
7,1,29.4,0.4,violation,NL008502015,SITE OF FORMER NEWMAINS PS & FAMILY LEARNING CENTR,North Lanarkshire,SCHOOL ROAD NEWMAINS,0.89,Derelict,Developable - Undetermined,Education,55.781134,-3.881266,25.0,35.9,19.7,False,"https://www.google.com/maps/search/?api=1&query=55.781134,-3.881266"
7,1,33.4,2.5,violation,8455314,NETHERBURN PS,South Lanarkshire,DRAFFAN ROAD NETHERBURN,0.42,Vacant Land,Developable - Undetermined,Education,55.705103,-3.912258,27.4,37.3,27.4,False,"https://www.google.com/maps/search/?api=1&query=55.705103,-3.912258"
7,1,39.8,,ok,8460349,,Inverclyde,KILMUN ROAD STRONE FARM GREENOCK,0.78,Derelict,Developable - Undetermined,Residential - Housing,55.938643,-4.752175,32.3,21.5,48.1,False,"https://www.google.com/maps/search/?api=1&query=55.938643,-4.752175"
7,0,55.1,1.3,violation,6132,FORMER ST JOHN'S PRIMARY SCHOOL,East Ayrshire,BARSHARE RD CUMNOCK,0.8,Vacant Land,Developable - Medium Term,Education,55.450777,-4.248877,45.3,47.6,57.9,False,"https://www.google.com/maps/search/?api=1&query=55.450777,-4.248877"
6,3,14.0,65.3,ok,3584,,Glasgow City,CENTRE STREET/ TRADESTON STREET /COOK STREET,0.72,Vacant Land,Developable - Short Term,Wholesale Distribution,55.851707,-4.263248,0.8,10.8,20.6,False,"https://www.google.com/maps/search/?api=1&query=55.851707,-4.263248"
6,3,14.2,150.1,ok,1138,,Glasgow City,EGLINTON STREET/ TURRIF ST/ MACINLAY ST,0.64,Vacant Land,Developable - Short Term,Residential - Housing,55.845371,-4.260755,1.4,11.1,20.9,False,"https://www.google.com/maps/search/?api=1&query=55.845371,-4.260755"
6,3,13.0,21.8,violation,4336,,Glasgow City,WHITEVALE STREET/ BLUEVALE STREET,1.15,Derelict,Developable - Medium Term,Community & Health,55.856018,-4.215515,2.5,13.7,17.8,False,"https://www.google.com/maps/search/?api=1&query=55.856018,-4.215515"
6,3,13.1,2.3,violation,3740,BOWLING GREENS,Glasgow City,GLENCONNER PARK ROYSTON ROAD,0.57,Vacant Land and Buildings,Developable - Undetermined,Recreation & Leisure,55.871689,-4.220148,2.7,13.4,17.1,False,"https://www.google.com/maps/search/?api=1&query=55.871689,-4.220148"
6,3,13.0,59.2,ok,627,,Glasgow City,CRAIGMORE STREET,0.6,Derelict,Developable - Undetermined,Unknown,55.85672,-4.201925,3.4,14.5,17.1,False,"https://www.google.com/maps/search/?api=1&query=55.856720,-4.201925"
6,3,13.0,82.4,ok,628,,Glasgow City,W OF 24 TODD ST,0.62,Derelict,Developable - Undetermined,Unknown,55.857393,-4.201483,3.4,14.6,17.0,False,"https://www.google.com/maps/search/?api=1&query=55.857393,-4.201483"
6,2,15.4,9.4,violation,1918,,Glasgow City,N OF PEARCE LANE,1.62,Vacant Land,Developable - Short Term,Unknown,55.86437,-4.311595,3.6,7.6,22.6,False,"https://www.google.com/maps/search/?api=1&query=55.864370,-4.311595"
6,2,16.0,,ok,3449,ST ANTHONYS F.C.,Glasgow City,HELEN STREET/ EDMISTON DRIVE.,0.43,Vacant Land,Developable - Short Term,Recreation & Leisure,55.854134,-4.317251,3.9,7.4,23.4,False,"https://www.google.com/maps/search/?api=1&query=55.854134,-4.317251"
6,3,13.4,,ok,2627,,Glasgow City,999 ROYSTON ROAD,1.62,Derelict,Developable - Undetermined,Transport,55.877043,-4.199286,4.1,14.7,15.7,False,"https://www.google.com/maps/search/?api=1&query=55.877043,-4.199286"
6,3,14.0,,ok,4001,ST PHILIP'S P.S.,Glasgow City,DRUMLOCHY ROAD BOGHALL STREET GARTLOCH ROAD,2.79,Vacant Land,Developable - Short Term,Education,55.871769,-4.166267,5.8,16.8,14.3,False,"https://www.google.com/maps/search/?api=1&query=55.871769,-4.166267"
6,2,19.6,,ok,3548,,Glasgow City,BANKBRAE AVENUE/ GLENLORA DRIVE,0.52,Vacant Land,Developable - Medium Term,Unknown,55.818554,-4.3583,7.8,7.1,27.6,False,"https://www.google.com/maps/search/?api=1&query=55.818554,-4.358300"
6,2,15.3,32.7,violation,3959,EASTHALL P.S.,Glasgow City,WELLHOUSE ROAD / GLENBURNIE PLACE / WARE ROAD,0.96,Derelict,Developable - Medium Term,Education,55.863125,-4.128566,8.0,19.1,13.2,False,"https://www.google.com/maps/search/?api=1&query=55.863125,-4.128566"
6,2,20.1,41.3,violation,1473,,Glasgow City,DOVE STREET / NITSHILL ROAD,1.16,Vacant Land,Developable - Short Term,Unknown,55.812402,-4.360849,8.3,7.5,28.1,False,"https://www.google.com/maps/search/?api=1&query=55.812402,-4.360849"
6,2,18.5,21.6,violation,4384,FRM DRUMRY HOUSE,Glasgow City,40 KINFAUNS DRUMCHAPEL,0.69,Vacant Land,Developable - Medium Term,"Residential - Hotels, Hostels etc",55.909068,-4.370498,9.2,6.2,24.6,False,"https://www.google.com/maps/search/?api=1&query=55.909068,-4.370498"
6,2,21.7,,ok,8511691,FRM WORKS,East Renfrewshire,SHANKS WAY BARRHEAD,1.17,Derelict,Developable - Undetermined,Storage,55.809159,-4.392349,10.1,6.8,30.0,False,"https://www.google.com/maps/search/?api=1&query=55.809159,-4.392349"
6,2,17.1,,ok,8.BR1,CANAL SIDE SITE,East Dunbartonshire,MAIN STREET TWECHAR,1.48,Derelict,Developable - Short Term,Recreation & Leisure,55.932464,-4.105375,12.6,21.8,7.9,False,"https://www.google.com/maps/search/?api=1&query=55.932464,-4.105375"
6,2,22.0,1.8,violation,8360306,SALISBURY PL/LILAC AVENUE,West Dunbartonshire,MOUNTBLOW CLYDEBANK,1.8,Derelict,Developable - Medium Term,Residential - Housing,55.9183,-4.436218,13.2,5.9,28.6,False,"https://www.google.com/maps/search/?api=1&query=55.918300,-4.436218"
6,2,19.3,39.6,violation,NL008491977,SITE OF FORMER BURNSIDE COURT TOWER BLOCK (NLMK129,North Lanarkshire,KIRK STREET COATBRIDGE,0.52,Derelict,Developable - Undetermined,Residential - Housing,55.856753,-4.032923,14.0,25.1,10.7,False,"https://www.google.com/maps/search/?api=1&query=55.856753,-4.032923"
6,2,21.7,0.9,violation,NL008501846,PROPOSED HOUSING SITE NLMW1161,North Lanarkshire,COMMUNITY ROAD ORBISTON BELLSHILL,0.87,Vacant Land,Developable - Medium Term,Transport,55.807082,-4.025832,15.5,26.4,16.0,False,"https://www.google.com/maps/search/?api=1&query=55.807082,-4.025832"
6,2,24.3,6.5,violation,NL008502025,FORMER ALLAN & COURSINGTON TOWER BLOCKS (NLMW1374),North Lanarkshire,COURSINGTON ROAD MOTHERWELL,0.71,Derelict,Developable - Medium Term,Residential - Housing,55.793515,-3.980972,18.6,29.5,17.2,False,"https://www.google.com/maps/search/?api=1&query=55.793515,-3.980972"
6,2,23.3,93.8,ok,NL008491323,SITE OF FORMER ST DAVID'S RC PRIMARY SCHOOL,North Lanarkshire,MEADOWHEAD ROAD PLAINS,2.87,Derelict,Developable - Undetermined,Education,55.877548,-3.935469,20.2,31.2,8.4,False,"https://www.google.com/maps/search/?api=1&query=55.877548,-3.935469"
6,2,23.4,30.3,violation,NL008491324,SITE OF FORMER PLAINS PRIMARY SCHOOL,North Lanarkshire,MEADOWHEAD ROAD PLAINS,0.55,Derelict,Developable - Undetermined,Education,55.878511,-3.933662,20.3,31.3,8.4,False,"https://www.google.com/maps/search/?api=1&query=55.878511,-3.933662"
6,2,23.5,137.9,ok,NL008491908,SITE OF FORMER MONKLANDS HOUSE,North Lanarkshire,STANRIGG STREET PLAINS,0.55,Derelict,Developable - Undetermined,Residential - Housing,55.877795,-3.93174,20.4,31.4,8.5,False,"https://www.google.com/maps/search/?api=1&query=55.877795,-3.931740"
6,2,22.8,0.2,violation,NL008381692,SITE OF FORMER ABRONHILL HIGH SCHOOL,North Lanarkshire,LARCH ROAD ABRONHILL CUMBERNAULD,2.69,Derelict,Developable - Undetermined,Education,55.958565,-3.952456,22.0,31.8,2.2,True,"https://www.google.com/maps/search/?api=1&query=55.958565,-3.952456"
6,0,41.2,,ok,8460350,H MCNEIL BATHS,Inverclyde,BRACHELSTON ROAD GREENOCK,0.98,Derelict,Developable - Medium Term,Recreation & Leisure,55.946059,-4.774181,33.9,23.1,49.5,False,"https://www.google.com/maps/search/?api=1&query=55.946059,-4.774181"
6,0,43.9,,unscreened,8460514,,Inverclyde,KIRN DRIVE GOUROCK,1.44,Derelict,Developable - Medium Term,Recreation & Leisure,55.949297,-4.820405,36.8,25.9,52.3,False,"https://www.google.com/maps/search/?api=1&query=55.949297,-4.820405"
6,0,42.1,,unscreened,8375294,PLOT 1A,South Lanarkshire,SOUTH FAULDS RD LANARK CALDWELLSIDE IE,1.14,Vacant Land,Developable - Medium Term,Unknown,55.67604,-3.750197,37.6,47.8,33.6,False,"https://www.google.com/maps/search/?api=1&query=55.676040,-3.750197"
6,0,48.2,,ok,2014,N,East Ayrshire,FURNACE ROAD MUIRKIRK,1.87,Vacant Land,Developable - Medium Term,Unknown,55.518824,-4.064183,39.6,45.1,48.1,False,"https://www.google.com/maps/search/?api=1&query=55.518824,-4.064183"
5,3,13.4,0.3,violation,4052,,Glasgow City,MOIR STREET,0.54,Vacant Land,Developable - Medium Term,Transport,55.855742,-4.24164,0.9,12.1,19.2,False,"https://www.google.com/maps/search/?api=1&query=55.855742,-4.241640"
5,3,13.9,82.3,ok,4337,NYE BEVAN HOUSE,Glasgow City,INDIA STREET/ ELMBANK CRESCENT,0.43,Vacant Land,Developable - Medium Term,Offices,55.863908,-4.269279,1.1,10.3,20.3,False,"https://www.google.com/maps/search/?api=1&query=55.863908,-4.269279"
5,3,13.5,33.1,violation,2802,POSSILPARK H.S.,Glasgow City,ARDOCH STREET/ CARBETH STREET.,0.55,Derelict,Developable - Medium Term,Education,55.881817,-4.255758,2.7,11.3,18.6,False,"https://www.google.com/maps/search/?api=1&query=55.881817,-4.255758"
5,2,15.6,17.9,violation,3522,,Glasgow City,FLEURS AVENUE,0.94,Derelict,Developable - Undetermined,Transport,55.84598,-4.300168,3.1,8.6,22.9,False,"https://www.google.com/maps/search/?api=1&query=55.845980,-4.300168"
5,3,13.3,0.3,violation,1683,N.I.S.A.,Glasgow City,SPRINGFIELD ROAD KINNEAR ROAD GAILES STREET,2.16,Derelict,Developable - Medium Term,Residential - Housing,55.847359,-4.204734,3.4,14.5,17.9,False,"https://www.google.com/maps/search/?api=1&query=55.847359,-4.204734"
5,3,13.1,70.9,ok,616,,Glasgow City,WEST OF NO 83 TODD STREET.,1.61,Derelict,Developable - Short Term,Residential - Housing,55.858569,-4.201055,3.4,14.6,16.9,False,"https://www.google.com/maps/search/?api=1&query=55.858569,-4.201055"
5,2,15.8,93.7,ok,3939,,Glasgow City,BROOMLOAN ROAD/ HINSHELWOOD DRIVE,0.64,Vacant Land,Developable - Short Term,Residential - Housing,55.85195,-4.311513,3.5,7.8,23.2,False,"https://www.google.com/maps/search/?api=1&query=55.851950,-4.311513"
5,3,13.5,109.0,ok,554,,Glasgow City,WEST OF NO 71 ROBROYSTON ROAD.,2.06,Vacant Land,Developable - Short Term,Unknown,55.879594,-4.193787,4.6,15.1,15.3,False,"https://www.google.com/maps/search/?api=1&query=55.879594,-4.193787"
5,2,15.5,147.8,ok,2680,ST SCHOLASTICA'S,Glasgow City,ST SCHOLASTICA'S SCHOOL/ARNISDALE ROAD.,2.4,Derelict,Unknown (uncertain/insufficient information),Education,55.865626,-4.123764,8.3,19.4,12.8,False,"https://www.google.com/maps/search/?api=1&query=55.865626,-4.123764"
5,2,20.2,,ok,8511603,FORMER DEPOT,East Renfrewshire,THE HURLET BARRHEAD,1.7,Derelict,Developable - Undetermined,Transport,55.817845,-4.369927,8.4,6.7,28.3,False,"https://www.google.com/maps/search/?api=1&query=55.817845,-4.369927"
5,2,18.7,,ok,3659,DRUMCHAPEL T.C.,Glasgow City,20-40 HECLA SQUARE / HECLA PLACE,0.59,Vacant Land,Developable - Medium Term,Retailing,55.909788,-4.374623,9.4,6.1,24.9,False,"https://www.google.com/maps/search/?api=1&query=55.909788,-4.374623"
5,2,18.6,,ok,3660,DRUMCHAPEL T.C.,Glasgow City,43 - 51 HECLA SQUARE,0.64,Vacant Land,Developable - Medium Term,Retailing,55.90937,-4.373941,9.4,6.1,24.9,False,"https://www.google.com/maps/search/?api=1&query=55.909370,-4.373941"
5,2,21.3,57.0,ok,8511703,BOWERWALLS BUSINES,East Renfrewshire,2/4 BOWERWALLS PLACE BARRHEAD,0.62,Vacant Land,Developable - Short Term,Residential - Housing,55.807004,-4.37929,9.6,7.4,29.4,False,"https://www.google.com/maps/search/?api=1&query=55.807004,-4.379290"
5,2,19.2,0.1,violation,3243,CLEDDENS PRIMARY,Glasgow City,KATEWELL AVENUE,2.09,Vacant Land,Developable - Short Term,Education,55.915996,-4.3827,10.3,6.4,25.3,False,"https://www.google.com/maps/search/?api=1&query=55.915996,-4.382700"
5,2,22.7,,ok,8510609,CRAIGIELEA DRIVE (NORTH),Renfrewshire,CRAIGIELEA DRIVE (NORTH) PAISLEY (FERGUSLIE),0.63,Vacant Land,Developable - Short Term,Residential - Housing,55.851854,-4.446613,12.0,1.7,31.0,True,"https://www.google.com/maps/search/?api=1&query=55.851854,-4.446613"
5,2,18.5,,ok,NL008491636,VACANT YARD,North Lanarkshire,GARTGILL ROAD COATBRIDGE,0.42,Derelict,Developable - Undetermined,Residential - Housing,55.877382,-4.046247,13.3,24.3,8.9,False,"https://www.google.com/maps/search/?api=1&query=55.877382,-4.046247"
5,2,18.8,,ok,NL008491234,SITE OF FORMER GLENBOIG PRIMARY SCHOOL SITE,North Lanarkshire,WHITELAW AVENUE RAMOAN GLENBOIG,0.48,Derelict,Developable - Undetermined,Education,55.889179,-4.037241,14.1,24.9,7.4,False,"https://www.google.com/maps/search/?api=1&query=55.889179,-4.037241"
5,2,18.6,,ok,NL008380172,WESTFIELD POINT INDUSTRIAL SITE (NLN00334),North Lanarkshire,ORCHARDTON ROAD ORCHARDTON WOODS CUMBERNAULD,1.24,Derelict,Developable - Short Term,Prepared Ground,55.933658,-4.057074,15.0,24.7,4.9,True,"https://www.google.com/maps/search/?api=1&query=55.933658,-4.057074"
5,1,27.9,0.0,violation,350825,,Renfrewshire,HIGHCRAIG AVENUE (EAST) JOHNSTONE,1.63,Derelict,Developable - Medium Term,Education,55.826637,-4.524675,17.2,7.2,36.5,False,"https://www.google.com/maps/search/?api=1&query=55.826637,-4.524675"
5,1,28.1,0.2,violation,350824,,Renfrewshire,HIGHCRAIG AVENUE (WEST) JOHNSTONE,1.59,Derelict,Developable - Medium Term,Education,55.825308,-4.52767,17.4,7.4,36.8,False,"https://www.google.com/maps/search/?api=1&query=55.825308,-4.527670"
5,1,28.9,70.7,ok,8410078,ST JAMES RETAIL PARK,West Dunbartonshire,GLASGOW ROAD DUMBARTON,1.96,Derelict,Developable - Short Term,Recreation & Leisure,55.944673,-4.557131,21.2,11.7,35.9,False,"https://www.google.com/maps/search/?api=1&query=55.944673,-4.557131"
5,1,28.4,2.0,violation,NL008502033,GOWKTHRAPPLE NORTH WEST ALLERSHAW AND BIRKSHAW TOW,North Lanarkshire,ALLERSHAW PLACE GOWKTHRAPPLE WISHAW,1.83,Derelict,Developable - Medium Term,Residential - Housing,55.762506,-3.931007,22.9,33.5,20.9,False,"https://www.google.com/maps/search/?api=1&query=55.762506,-3.931007"
5,1,28.6,105.8,ok,NL008501785,SITE OF FORMER CASTLEHILL PRIMARY SCHOOL,North Lanarkshire,BIRKSHAW BRAE GOWKTHRAPPLE WISHAW,1.56,Derelict,Developable - Medium Term,Education,55.761826,-3.926256,23.2,33.8,21.1,False,"https://www.google.com/maps/search/?api=1&query=55.761826,-3.926256"
5,1,25.5,0.8,violation,NL008490437,LAND ADJACENT TO 68 MAIN STREET,North Lanarkshire,MAIN STREET CALDERCRUIX,0.6,Derelict,Developable - Undetermined,Residential - Housing,55.88792,-3.885008,23.4,34.4,9.1,False,"https://www.google.com/maps/search/?api=1&query=55.887920,-3.885008"
5,1,38.5,,unscreened,67,N,East Ayrshire,HIGH ST. NEWMILNS,0.55,Vacant Land,Developable - Medium Term,Unknown,55.609149,-4.325164,28.0,29.4,43.5,False,"https://www.google.com/maps/search/?api=1&query=55.609149,-4.325164"
5,0,41.6,,unscreened,8460512,FMR GREENOCK ACAEDEMY,Inverclyde,MADEIRA STREET GREENOCK,1.0,Vacant Land,Developable - Short Term,Education,55.956817,-4.779854,34.6,23.9,49.8,False,"https://www.google.com/maps/search/?api=1&query=55.956817,-4.779854"
4,3,14.1,,unscreened,3807,CITY WHARF,Glasgow City,CHEAPSIDE STREET WARROCH STREET,0.73,Vacant Land,Developable - Short Term,Other General Industry,55.857851,-4.271691,1.0,10.2,20.7,False,"https://www.google.com/maps/search/?api=1&query=55.857851,-4.271691"
4,3,13.3,,unscreened,4172,ST JAMES'S P.S.,Glasgow City,STEVENSON STREET GREEN STREET,0.8,Vacant Land and Buildings,Developable - Medium Term,Education,55.85275,-4.233223,1.5,12.6,19.0,False,"https://www.google.com/maps/search/?api=1&query=55.852750,-4.233223"
4,3,13.1,,unscreened,1812,,Glasgow City,80 MELBOURNE ST,0.9,Vacant Land,Developable - Short Term,Other General Industry,55.85801,-4.228635,1.7,12.9,18.4,False,"https://www.google.com/maps/search/?api=1&query=55.858010,-4.228635"
4,3,13.1,,unscreened,3484,MEAT MARKET (S),Glasgow City,BELLGROVE STREET GRAHAMS SQUARE/ GALLOWGATE,1.52,Vacant Land,Developable - Short Term,Manufacturing,55.856892,-4.227341,1.8,13.0,18.4,False,"https://www.google.com/maps/search/?api=1&query=55.856892,-4.227341"
4,3,13.6,,unscreened,1833,,Glasgow City,CARSTAIRS STREET COLVEND STREET/ FRENCH STREET,0.4,Vacant Land,Developable - Short Term,Unknown,55.84118,-4.220979,2.8,13.6,19.1,False,"https://www.google.com/maps/search/?api=1&query=55.841180,-4.220979"
4,2,15.5,,unscreened,3692,,Glasgow City,BROOMLOAN ROAD,2.55,Derelict,Developable - Medium Term,Residential - Housing,55.857187,-4.309267,3.4,7.8,22.8,False,"https://www.google.com/maps/search/?api=1&query=55.857187,-4.309267"
4,3,14.7,,unscreened,295,,Glasgow City,NORTH OF 67 COLLINA STREET,1.88,Derelict,Developable - Short Term,Unknown,55.892536,-4.298204,4.7,9.0,20.7,False,"https://www.google.com/maps/search/?api=1&query=55.892536,-4.298204"
4,3,14.2,,unscreened,3232,,Glasgow City,41-125 EASTERHILL ST.,0.66,Derelict,Developable - Medium Term,Unknown,55.841193,-4.174469,5.4,16.5,16.9,False,"https://www.google.com/maps/search/?api=1&query=55.841193,-4.174469"
4,3,14.2,,unscreened,812,,Glasgow City,E OF BRAIDFAULD STREET,1.51,Derelict,Developable - Medium Term,Transport,55.840626,-4.174549,5.4,16.5,17.0,False,"https://www.google.com/maps/search/?api=1&query=55.840626,-4.174549"
4,2,19.8,,unscreened,3822,,Glasgow City,PRESTWICK STREET / LEVERN BRIDGE ROAD,0.47,Derelict,Developable - Undetermined,Unknown,55.818694,-4.362683,8.0,6.9,27.8,False,"https://www.google.com/maps/search/?api=1&query=55.818694,-4.362683"
4,2,19.3,,unscreened,8360257,NORTHERN SITE,West Dunbartonshire,JOHN KNOX STREET CLYDEBANK,0.53,Derelict,Developable - Medium Term,Residential - Housing,55.894176,-4.390927,9.4,4.1,26.2,True,"https://www.google.com/maps/search/?api=1&query=55.894176,-4.390927"
4,2,18.8,,unscreened,4060,DRUMRY P.S.,Glasgow City,DRUMRY ROAD EAST DUNKENNY ROAD / ABBOTSHALL AV,1.93,Derelict,Developable - Short Term,Education,55.90918,-4.377258,9.5,6.0,25.1,False,"https://www.google.com/maps/search/?api=1&query=55.909180,-4.377258"
4,2,21.6,,unscreened,8360307,ADULT TRAINING CENTRE,West Dunbartonshire,AUCHENTOSHAN CLYDEBANK,0.77,Derelict,Developable - Short Term,Education,55.921885,-4.427223,12.9,6.3,28.0,False,"https://www.google.com/maps/search/?api=1&query=55.921885,-4.427223"
4,2,18.9,,unscreened,NL008491226,LAND SOUTH OF FORMER TRAVELLERS SITE,North Lanarkshire,MOLLINSBURN ROAD ANNATHILL,0.61,Derelict,Developable - Short Term,Recreation & Leisure,55.911157,-4.036922,14.9,25.3,5.4,False,"https://www.google.com/maps/search/?api=1&query=55.911157,-4.036922"
4,2,20.5,,unscreened,NL008492020,SITE OF FORMER FOUR STOREY COUNCIL HOUSES BLOCKS (,North Lanarkshire,BURLEIGH PLACE SHAWHEAD COATBRIDGE,1.48,Derelict,Developable - Short Term,Residential - Housing,55.845929,-4.012981,15.3,26.4,11.6,False,"https://www.google.com/maps/search/?api=1&query=55.845929,-4.012981"
4,2,24.2,,unscreened,NL008502024,FORMER DRAFFEN TOWER (HOUSING SITE NLMW1373),North Lanarkshire,DRAFFEN STREET MOTHERWELL,0.68,Derelict,Developable - Medium Term,Residential - Housing,55.794009,-3.98323,18.5,29.3,17.2,False,"https://www.google.com/maps/search/?api=1&query=55.794009,-3.983230"
4,2,23.3,,unscreened,NL008491959,MADE GROUND - FORMER AIRDRIE & NEWHOUSE BRANCH LIN,North Lanarkshire,GIBB STREET CHAPELHALL,1.59,Vacant Land,Developable - Short Term,Transport,55.84481,-3.951875,19.1,30.3,11.7,False,"https://www.google.com/maps/search/?api=1&query=55.844810,-3.951875"
4,1,25.4,,unscreened,NL008502035,LAND TO SOUTH OF EVANS HALSHAW,North Lanarkshire,DALZELL DRIVE MOTHERWELL,0.84,Derelict,Developable - Medium Term,Other,55.780223,-3.975992,19.5,30.2,18.7,False,"https://www.google.com/maps/search/?api=1&query=55.780223,-3.975992"
4,1,27.8,,unscreened,NL008501682,SITE OF FORMER COUNCIL FLATS (NOS 23-81),North Lanarkshire,INNERLEITHEN DRIVE COLTNESS WISHAW,0.46,Derelict,Developable - Undetermined,Residential - Housing,55.790331,-3.906704,23.1,34.1,18.2,False,"https://www.google.com/maps/search/?api=1&query=55.790331,-3.906704"
4,1,29.2,,unscreened,NL008501502,SITE OF FORMER PATHER FARM / TAILYBRUSH,North Lanarkshire,DIMSDALE ROAD WISHAW,1.24,Derelict,Developable - Short Term,Agriculture,55.762663,-3.911187,24.0,34.7,21.2,False,"https://www.google.com/maps/search/?api=1&query=55.762663,-3.911187"
4,1,30.8,,unscreened,NL008500176,LAND TO THE REAR OF SHOTTS NURSERY CENTRE,North Lanarkshire,QUARRY ROAD SHOTTS,0.42,Derelict,Developable - Undetermined,Education,55.823063,-3.812076,28.1,39.2,17.6,False,"https://www.google.com/maps/search/?api=1&query=55.823063,-3.812076"
4,0,43.6,,unscreened,8460482,FMR FLATS/SHOPS,Inverclyde,CUMBERLAND WALK CUMBERLAND ROAD GREENOCK,0.75,Derelict,Developable - Medium Term,Residential - Housing,55.941601,-4.81613,36.3,25.4,52.1,False,"https://www.google.com/maps/search/?api=1&query=55.941601,-4.816130"
3,3,13.6,,unscreened,4333,,Glasgow City,GARSCUBE ROAD/ HOPEHILL ROAD,0.57,Derelict,Developable - Undetermined,Manufacturing,55.877889,-4.266546,2.4,10.5,19.4,False,"https://www.google.com/maps/search/?api=1&query=55.877889,-4.266546"
3,2,19.5,,unscreened,4355,GOWANBANK PS,Glasgow City,PS,1.94,Vacant Land and Buildings,Developable - Medium Term,Education,55.818974,-4.356506,7.6,7.1,27.5,False,"https://www.google.com/maps/search/?api=1&query=55.818974,-4.356506"
3,2,20.0,,unscreened,4362,300 NITSHILL ROAD,Glasgow City,300 NITSHILL ROAD,0.52,Derelict,Developable - Medium Term,Community & Health,55.814578,-4.361731,8.2,7.3,28.0,False,"https://www.google.com/maps/search/?api=1&query=55.814578,-4.361731"
3,2,15.6,,unscreened,4503,FORMER SOCIAL CARE FACILITY,Glasgow City,WARDIE ROAD SHANDWICK STREET,1.02,Vacant Land and Buildings,Unknown (uncertain/insufficient information),"Residential - Hotels, Hostels etc",55.867036,-4.119654,8.6,19.7,12.5,False,"https://www.google.com/maps/search/?api=1&query=55.867036,-4.119654"
3,2,21.9,,unscreened,8511613,TRACEY'S YARD,East Renfrewshire,CARLIBAR ROAD BARRHEAD,0.54,Derelict,Developable - Undetermined,Transport,55.805964,-4.392584,10.3,7.1,30.2,False,"https://www.google.com/maps/search/?api=1&query=55.805964,-4.392584"
3,2,18.9,,unscreened,NL008491142,FORMER TRAVELLERS' SITE,North Lanarkshire,MOLLINSBURN ROAD ANNATHILL,1.02,Derelict,Developable - Short Term,Community & Health,55.911572,-4.037359,14.9,25.3,5.4,False,"https://www.google.com/maps/search/?api=1&query=55.911572,-4.037359"
3,2,21.6,,unscreened,NL008491729,FORMER DALMACOUTTER WASTE TRANSFER STATION,North Lanarkshire,STIRLING ROAD AIRDRIE,1.25,Derelict,Developable - Short Term,Community & Health,55.884784,-3.971054,18.1,29.0,7.1,False,"https://www.google.com/maps/search/?api=1&query=55.884784,-3.971054"
3,2,21.3,,unscreened,NL008382027,FLEMING HOUSE (VACANT),North Lanarkshire,TRYST ROAD CUMBERNAULD,0.4,Derelict,Developable - Undetermined,Offices,55.948238,-3.986818,19.6,29.4,0.3,True,"https://www.google.com/maps/search/?api=1&query=55.948238,-3.986818"
3,0,61.4,,unscreened,6175,FORMER HOUSING,East Ayrshire,DALHANNA DRIVE NEW CUMNOCK,0.52,Vacant Land,Developable - Short Term,Residential - Housing,55.392909,-4.180103,51.9,55.0,63.1,False,"https://www.google.com/maps/search/?api=1&query=55.392909,-4.180103"
2,3,13.1,,unscreened,4171,GOLFHILL P.S.,Glasgow City,FIRPARK STREET HANSON STREET CIRCUS DRIVE,1.44,Vacant Land and Buildings,Developable - Short Term,Education,55.862955,-4.227033,1.9,12.9,18.0,False,"https://www.google.com/maps/search/?api=1&query=55.862955,-4.227033"
2,3,13.5,,unscreened,356,,Glasgow City,SOUTH OF 79 ELLESMERE STREET APPLECROSS ST,0.49,Vacant Land,Developable - Short Term,Utility Services,55.87756,-4.259524,2.2,11.0,19.0,False,"https://www.google.com/maps/search/?api=1&query=55.877560,-4.259524"
2,3,14.4,,unscreened,3815,,Glasgow City,21 BLAIRTUMMOCK ROAD,0.6,Derelict,Unknown (uncertain/insufficient information),Manufacturing,55.867932,-4.153427,6.5,17.5,14.0,False,"https://www.google.com/maps/search/?api=1&query=55.867932,-4.153427"
2,2,17.9,,unscreened,NL008491645,SITE OF FORMER DRUMPARK SCHOOL,North Lanarkshire,COATBRIDGE ROAD COATBRIDGE,2.02,Derelict,Developable - Short Term,Education,55.85664,-4.067254,11.8,23.0,11.5,False,"https://www.google.com/maps/search/?api=1&query=55.856640,-4.067254"
2,2,19.6,,unscreened,NL008491395,INDUSTRIAL SITE NLC00470,North Lanarkshire,STOBCROSS STREET COATBRIDGE,0.57,Derelict,Developable - Undetermined,Manufacturing,55.858693,-4.026505,14.4,25.5,10.4,False,"https://www.google.com/maps/search/?api=1&query=55.858693,-4.026505"
2,2,20.4,,unscreened,NL008492021,FORMER COUNCIL HOUSES,North Lanarkshire,DUNOTTAR AVENUE COATBRIDGE,0.58,Derelict,Developable - Short Term,Residential - Housing,55.845682,-4.014869,15.1,26.3,11.6,False,"https://www.google.com/maps/search/?api=1&query=55.845682,-4.014869"
2,2,24.6,,unscreened,NL008501840,PROPOSED HOUSING SITE NLMW1224,North Lanarkshire,MABEL STREET MOTHERWELL,0.64,Derelict,Developable - Short Term,Residential - Housing,55.784444,-3.987848,18.7,29.4,18.3,False,"https://www.google.com/maps/search/?api=1&query=55.784444,-3.987848"
2,1,25.9,,unscreened,NL008501521,LAND AT 137 CRAIGTNUEK STREET,North Lanarkshire,CRAIGNEUK STREET CRAIGNEUK WISHAW,0.47,Derelict,Developable - Medium Term,Residential - Housing,55.781641,-3.96152,20.3,31.0,18.6,False,"https://www.google.com/maps/search/?api=1&query=55.781641,-3.961520"
2,1,39.4,,unscreened,8460049,,Inverclyde,RUE END STREET SCOTTS DRY DOCK GREENOCK,0.8,Derelict,Developable - Medium Term,Transport,55.944835,-4.744189,32.1,21.3,47.6,False,"https://www.google.com/maps/search/?api=1&query=55.944835,-4.744189"
2,1,39.5,,unscreened,8460011,,Inverclyde,RUE END STREET VICTORIA HARBOUR GREENOCK,1.52,Derelict,Developable - Medium Term,Transport,55.944414,-4.746546,32.2,21.4,47.7,False,"https://www.google.com/maps/search/?api=1&query=55.944414,-4.746546"
2,1,39.8,,unscreened,8460014,,Inverclyde,KILMUN ROAD STRONE FARM GREENOCK,0.55,Derelict,Developable - Medium Term,Unknown,55.938841,-4.750956,32.3,21.4,48.0,False,"https://www.google.com/maps/search/?api=1&query=55.938841,-4.750956"
1,3,14.5,,unscreened,4339,,Glasgow City,STANLEY STREET/ MILNPARK STREET,0.7,Derelict,Developable - Short Term,Other General Industry,55.850788,-4.27842,1.6,9.9,21.5,False,"https://www.google.com/maps/search/?api=1&query=55.850788,-4.278420"
1,3,13.5,,unscreened,2230,,Glasgow City,DALMARNOCK ROAD/ MORDAUNT STREET/ BALTIC STREET,1.37,Derelict,Developable - Short Term,Manufacturing,55.842685,-4.215762,3.0,13.9,18.8,False,"https://www.google.com/maps/search/?api=1&query=55.842685,-4.215762"
1,2,20.5,,unscreened,350816,,Renfrewshire,SEEDHILL ROAD (AUCHENTORLIE) PAISLEY (EAST),0.82,Vacant Land and Buildings,Developable - Short Term,Residential - Housing,55.842683,-4.399808,9.2,3.3,28.6,True,"https://www.google.com/maps/search/?api=1&query=55.842683,-4.399808"
1,1,31.3,,unscreened,8410332,HEATHER AVENUE,West Dunbartonshire,LENNOX STREET ALEXANDRIA,1.7,Derelict,Developable - Medium Term,Manufacturing,55.991479,-4.579722,25.2,16.7,37.6,False,"https://www.google.com/maps/search/?api=1&query=55.991479,-4.579722"
1,1,39.8,,unscreened,8460222,,Inverclyde,DOCK BREAST EAST INDIA HARBOUR GREENOCK,1.55,Derelict,Developable - Medium Term,Manufacturing,55.946399,-4.749842,32.5,21.7,47.9,False,"https://www.google.com/maps/search/?api=1&query=55.946399,-4.749842"
0,3,13.0,,unscreened,4006,HAGHILL P.S.,Glasgow City,MARWICK STREET/ WALTER STREET / AITKEN STREET,0.56,Vacant Land and Buildings,Developable - Short Term,Education,55.861872,-4.206819,3.1,14.2,17.0,False,"https://www.google.com/maps/search/?api=1&query=55.861872,-4.206819"
0,3,14.4,,unscreened,8445348,,South Lanarkshire,HARRIET STREET RUTHERGLEN,0.41,Derelict,Developable - Medium Term,Other General Industry,55.826298,-4.219891,4.1,14.1,20.1,False,"https://www.google.com/maps/search/?api=1&query=55.826298,-4.219891"
0,2,20.6,,unscreened,8360297,CABLE DEPOT ROAD WEST,West Dunbartonshire,CABLE DEPOT ROAD CLYDEBANK,0.62,Derelict,Developable - Medium Term,Other General Industry,55.903514,-4.41534,11.2,4.4,27.5,True,"https://www.google.com/maps/search/?api=1&query=55.903514,-4.415340"
0,2,22.3,,unscreened,8510505,OAKSHAW BRAE (WEST),Renfrewshire,OAKSHAW BRAE (WEST) PAISLEY (CENTRAL),0.4,Vacant Land and Buildings,Developable - Medium Term,Education,55.84524,-4.435222,11.3,2.3,30.6,True,"https://www.google.com/maps/search/?api=1&query=55.845240,-4.435222"
0,2,20.9,,unscreened,8360102,N WESTERN SITE,West Dunbartonshire,CABLE DEPOT ROAD CLYDEBANK,0.64,Derelict,Developable - Medium Term,Manufacturing,55.905213,-4.419893,11.6,4.5,27.8,True,"https://www.google.com/maps/search/?api=1&query=55.905213,-4.419893"
0,1,30.6,,unscreened,8410348,BONHILL PS,West Dunbartonshire,MAIN STREET BONHILL,0.47,Derelict,Developable - Short Term,Education,55.978855,-4.574361,24.1,15.4,37.1,False,"https://www.google.com/maps/search/?api=1&query=55.978855,-4.574361"
0,1,34.7,,unscreened,8460131,,Inverclyde,KELBURN TERRACE KELBURN PORT GLASGOW,0.42,Derelict,Developable - Undetermined,Manufacturing,55.93225,-4.665272,26.9,16.3,42.7,False,"https://www.google.com/maps/search/?api=1&query=55.932250,-4.665272"
-1,2,24.6,,unscreened,NL008501454,SITE OF FORMER SCHOOL/COUNCIL OFFICE,North Lanarkshire,BRANDON STREET MOTHERWELL,0.45,Derelict,Developable - Short Term,Offices,55.786795,-3.984762,18.7,29.5,18.0,False,"https://www.google.com/maps/search/?api=1&query=55.786795,-3.984762"
-3,2,23.3,,unscreened,NL008501599,FORMER MOTHERWELL PLASTICS SITE,North Lanarkshire,NEWHUT ROAD BRAIDHURST INDUSTRIAL ESTATE MOTHERWELL,0.44,Derelict,Developable - Short Term,Other General Industry,55.80137,-3.995411,17.5,28.4,16.4,False,"https://www.google.com/maps/search/?api=1&query=55.801370,-3.995411"
-3,1,29.7,,unscreened,NL008501834,FORMER OVERTOWN PRIMARY SCHOOL (HOUSING SITE NLMW1,North Lanarkshire,MAIN STREET OVERTOWN,0.4,Vacant Land and Buildings,Developable - Short Term,Education,55.75822,-3.90622,24.5,35.2,21.7,False,"https://www.google.com/maps/search/?api=1&query=55.758220,-3.906220"
-4,1,27.4,,unscreened,NL008501415,DEMOLISHED FACTORY UNITS (9-13 & 18-22),North Lanarkshire,NETHERDALE ROAD NETHERTON INDUSTRIAL ESTATE WISHAW,0.44,Derelict,Developable - Short Term,Other General Industry,55.769913,-3.942278,21.9,32.6,20.0,False,"https://www.google.com/maps/search/?api=1&query=55.769913,-3.942278"
-4,1,27.3,,unscreened,NL008500758,SITE OF FORMER BELHAVEN WORKS (ENGINEERING),North Lanarkshire,HEATHERY ROAD WISHAW,0.44,Derelict,Developable - Short Term,Manufacturing,55.775718,-3.936604,22.0,32.7,19.4,False,"https://www.google.com/maps/search/?api=1&query=55.775718,-3.936604"
-5,2,21.0,,unscreened,8510629,FORMER CHIVAS FACTORY,Renfrewshire,RENFREW ROAD PAISLEY (NORTH),0.58,Vacant Land and Buildings,Developable - Short Term,Manufacturing,55.855953,-4.416557,10.1,1.5,29.0,True,"https://www.google.com/maps/search/?api=1&query=55.855953,-4.416557"
-7,1,35.0,,unscreened,659,CHURCH STREET,Renfrewshire,CHURCH STREET LOCHWINNOCH,0.4,Vacant Land and Buildings,Developable - Short Term,Manufacturing,55.793439,-4.629468,24.5,14.7,44.0,False,"https://www.google.com/maps/search/?api=1&query=55.793439,-4.629468"
